                  epoch,         train/box_loss,         train/cls_loss,         train/dfl_loss,   metrics/precision(B),      metrics/recall(B),       metrics/mAP50(B),    metrics/mAP50-95(B),           val/box_loss,           val/cls_loss,           val/dfl_loss,                 lr/pg0,                 lr/pg1,                 lr/pg2
                      1,                 0.4816,                0.47259,                0.85843,                0.86454,                0.88474,                0.94588,                 0.8077,                0.63247,                 0.6757,                0.89981,              0.0033258,              0.0033258,              0.0033258
                      2,                0.49114,                0.48257,                0.85762,                0.66449,                0.59777,                0.68686,                0.53726,                0.94598,                 1.8034,                 1.0734,              0.0065932,              0.0065932,              0.0065932
                      3,                0.52888,                0.51194,                0.86214,                0.99175,                0.99279,                0.99284,                0.90183,                0.44594,                0.34086,                0.84331,              0.0097946,              0.0097946,              0.0097946
                      4,                 0.5517,                0.53599,                0.86619,                0.98795,                0.98609,                0.99293,                0.92463,                0.38344,                0.34662,                0.82872,               0.009703,               0.009703,               0.009703
                      5,                0.54253,                0.51927,                0.86147,                0.99183,                0.99138,                0.99286,                0.89481,                0.47036,                0.34355,                0.84488,               0.009604,               0.009604,               0.009604
                      6,                0.53008,                0.50767,                0.85796,                0.89142,                0.89469,                0.95871,                0.86019,                0.48659,                0.59396,                0.85119,               0.009505,               0.009505,               0.009505
